{"cameraMode":{"drawMode":0,"name":"Shaded","section":"Shading Mode"},"sceneLighting":true,"audioPlay":false,"sceneViewState":{"m_AlwaysRefresh":false,"showFog":true,"showSkybox":true,"showFlares":true,"showImageEffects":true,"showParticleSystems":true,"showVisualEffectGraphs":true,"m_FxEnabled":true},"in2DMode":false,"pivot":{"x":-0.5970577001571655,"y":1.287546992301941,"z":-1.7817938327789307},"rotation":{"x":-0.004302038345485926,"y":0.9173920154571533,"z":-0.00991661474108696,"w":-0.39785492420196535},"size":1.2266812324523926,"orthographic":false}